{
  "users": [
    {
      "id": "AVWf6taoKlgpzGA7rZ0Qe",
      "name": "alesha",
      "email": "pizdes@gmail.com",
      "passHash": "$2a$10$lACMrgCPH2vNJ78q2cC5LO.CyZLbJnuNTBQ07X61GZk6y0Ez9cSCq",
      "isAdmin": false,
      "createdAt": "2025-10-12T11:58:49.224Z"
    },
    {
      "id": "1B-7xxWFfMj92XiYgnZfd",
      "name": "Fate Admin",
      "email": "admin@fate.local",
      "passHash": "$2a$10$sOSvpRB8C1YAl1GWvfck/uMQ2wF1d1Bpw5IcYyuo.18lNbS2HLKsa",
      "isAdmin": true,
      "createdAt": "2025-10-12T12:19:35.086Z"
    },
    {
      "id": "ytgiKNhC1IINVJUKGUi2w",
      "name": "alehhh",
      "email": "netrone@gmai.com",
      "passHash": "$2a$10$LQxq2cAiSxmiigi7zINnluaV/4xSsrb8lTUHAOLAagLtJHivcsV.m",
      "isAdmin": false,
      "createdAt": "2025-10-12T12:20:04.167Z"
    },
    {
      "id": "yAhadaCmy_xk4H6X_sxsR",
      "name": "yasha lava ",
      "email": "yashalava@chlen.com",
      "passHash": "$2a$10$lK647w71KavdpGxBrr8ppexP7.AEilIzZ6OAM.RO9f9daYWp9b6X6",
      "isAdmin": false,
      "createdAt": "2025-10-12T12:22:44.705Z"
    },
    {
      "id": "aEGgmM9ANny4U7rNaivss",
      "name": "я пиздабол",
      "email": "yapizdabol@gmail.com",
      "passHash": "$2a$10$Jr.jt.00qDFrswXLmv42gODUXMV1XVRv3xzmFc12/Iw/7KvO8WIua",
      "isAdmin": false,
      "createdAt": "2025-10-15T17:39:54.375Z"
    },
    {
      "id": "tjFnthsZE-LfxHrcIOFaI",
      "name": "аца",
      "email": "fa32@gmail.com",
      "passHash": "$2a$10$VENGe5RdOVVIcrTV.D9B5uXg.xh.9ipF40fVDXPPTFYK2lWLA8qMi",
      "isAdmin": false,
      "createdAt": "2025-10-15T18:41:19.925Z"
    }
  ],
  "questions": [],
  "answers": {
    "aEGgmM9ANny4U7rNaivss": [
      {
        "questionIndex": 0,
        "text": "z wjfwefz wjfwefz wjfwefz wjfwefz wjfwefz wjfwefz wjfwefz wjfwefz wjfwefz wjfwefz wjfwefz wjfwefz wjfwefz wjfwefz wjfwefz wjfwefz wjfwefz wjfwefz wjfwefz wjfwefz wjfwefz wjfwefz wjfwefz wjfwefz wjfwefz wjfwefz wjfwefz wjfwefz wjfwefz wjfwefz wjfwefz wjfwefz wjfwefz wjfwefz wjfwefz wjfwefz wjfwefz wjfwefz wjfwefz wjfwefz wjfwefz wjfwefz wjfwefz wjfwefz wjfwefz wjfwefz wjfwefz wjfwefz wjfwefz wjfwefz wjfwefz wjfwefz wjfwefz wjfwefz wjfwefz wjfwefz wjfwefz wjfwefz wjfwefz wjfwefz wjfwefz wjfwefz wjfwefz wjfwefz wjfwefz wjfwefz wjfwefz wjfwefz wjfwefz wjfwefz wjfwefz wjfwefz wjfwefz wjfwefz wjfwefz wjfwefz wjfwefz wjfwefz wjfwefz wjfwefz wjfwefz wjfwefz wjfwefz wjfwefz wjfwefz wjfwefz wjfwefz wjfwefz wjfwefz wjfwefz wjfwefz wjfwefz wjfwefz wjfwefz wjfwefz wjfwefz wjfwefz wjfwefz wjfwefz wjfwefz wjfwefz wjfwefz wjfwefz wjfwefz wjfwefz wjfwefz wjfwefz wjfwefz wjfwefz wjfwefz wjfwefz wjfwefz wjfwefz wjfwefz wjfwefz wjfwefz wjfwefz wjfwefz wjfwefz wjfwefz wjfwefz wjfwefz wjfwefz wjfwefz wjfwefz wjfwefz wjfwefz wjfwefz wjfwefz wjfwefz wjfwefz wjfwefz wjfwefz wjfwefz wjfwefz wjfwefz wjfwefz wjfwefz wjfwefz wjfwefz wjfwefz wjfwefz wjfwefz wjfwefz wjfwefz wjfwefz wjfwefz wjfwefz wjfwefz wjfwefz wjfwefz wjfwefz wjfwefz wjfwefz wjfwefz wjfwefz wjfwefz wjfwefz wjfwefz wjfwefz wjfwefz wjfwefz wjfwefz wjfwefz wjfwefz wjfwefz wjfwefz wjfwefz wjfwefz wjfwefz wjfwefz wjfwefz wjfwefz wjfwefz wjfwefz wjfwefz wjfwefz wjfwefz wjfwefz wjfwefz wjfwefz wjfwefz wjfwefz wjfwefz wjfwefz wjfwefz wjfwefz wjfwefz wjfwefz wjfwefz wjfwefz wjfwefz wjfwefz wjfwefz wjfwefz wjfwefz wjfwefz wjfwefz wjfwefz wjfwefz wjfwefz wjfwefz wjfwefz wjfwefz wjfwefz wjfwefz wjfwefz wjfwefz wjfwefz wjfwefz wjfwefz wjfwefz wjfwefz wjfwefz wjfwefz wjfwefz wjfwefz wjfwefz wjfwefz wjfwefz wjfwefz wjfwefz wjfwefz wjfwefz wjfwefz wjfwefz wjfwefz wjfwefz wjfwefz wjfwefz wjfwefz wjfwefz wjfwefz wjfwefz wjfwefz wjfwefz wjfwefz wjfwefz wjfwefz wjfwefz wjfwefz wjfwefz wjfwefz wjfwefz wjfwefz wjfwefz wjfwefz wjfwefz wjfwefz wjfwefz wjfwefz wjfwefz wjfwefz wjfwefz wjfwefz wjfwefz wjfwefz wjfwefz wjfwefz wjfwefz wjfwefz wjfwefz wjfwefz wjfwefz wjfwefz wjfwefz wjfwefz wjfwefz wjfwefz wjfwefz wjfwefz wjfwefz wjfwefz wjfwefz wjfwefz wjfwefz wjfwefz wjfwefz wjfwefz wjfwefz wjfwefz wjfwefz wjfwefz wjfwefz wjfwefz wjfwefz wjfwefz wjfwef",
        "createdAt": "2025-10-15T17:49:27.859Z"
      }
    ]
  },
  "covers": {
    "aEGgmM9ANny4U7rNaivss": "День рождения — Тридцать и расцвет",
    "tjFnthsZE-LfxHrcIOFaI": "Семья — Воскресенья",
    "1B-7xxWFfMj92XiYgnZfd": "Дружба — Дом — это люди"
  },
  "ordered": {
    "AVWf6taoKlgpzGA7rZ0Qe": false,
    "aEGgmM9ANny4U7rNaivss": true
  },
  "status": {
    "AVWf6taoKlgpzGA7rZ0Qe": "in_review"
  }
}